{
    "value0": {
        "value0": {
            "value0": [
                {
                    "value0": "new source",
                    "value1": [
                        2.5123767852783205,
                        1.2918853759765626,
                        -9.53642463684082
                    ]
                }
            ]
        },
        "value1": {
            "value0": [
                {
                    "value0": {
                        "value0": [
                            {
                                "value0": {
                                    "value0": {
                                        "value0": {
                                            "orientation": {
                                                "pointing": [
                                                    0.0,
                                                    0.0,
                                                    -1.0
                                                ],
                                                "up": [
                                                    0.0,
                                                    1.0,
                                                    0.0
                                                ]
                                            },
                                            "shape": 0.0
                                        }
                                    },
                                    "value1": {
                                        "value0": {
                                            "orientation": {
                                                "pointing": [
                                                    0.0,
                                                    0.0,
                                                    -1.0
                                                ],
                                                "up": [
                                                    0.0,
                                                    1.0,
                                                    0.0
                                                ]
                                            },
                                            "channel": 0,
                                            "radius": 0.10000000149011612
                                        }
                                    }
                                },
                                "value1": "omni",
                                "value2": 1
                            }
                        ]
                    },
                    "value1": "new receiver",
                    "value2": [
                        2.5995044708251955,
                        1.2840332984924317,
                        -6.109320163726807
                    ],
                    "value3": {
                        "pointing": [
                            0.0,
                            0.0,
                            -1.0
                        ],
                        "up": [
                            0.0,
                            1.0,
                            0.0
                        ]
                    }
                }
            ]
        },
        "value2": {
            "value0": 3,
            "value1": 4
        },
        "value3": {
            "value0": {
                "value0": {
                    "value0": 500.0,
                    "value1": 0.6
                },
                "value1": {
                    "value0": 2,
                    "value1": 500.0,
                    "value2": 0.6
                }
            },
            "value1": 0
        },
        "value4": {
            "value0": [
                {
                    "value0": "DefaultMaterial",
                    "value1": {
                        "absorption": [
                            0.05000000074505806,
                            0.05000000074505806,
                            0.05000000074505806,
                            0.05000000074505806,
                            0.05000000074505806,
                            0.05000000074505806,
                            0.05000000074505806,
                            0.05000000074505806
                        ],
                        "scattering": [
                            0.05000000074505806,
                            0.05000000074505806,
                            0.05000000074505806,
                            0.05000000074505806,
                            0.05000000074505806,
                            0.05000000074505806,
                            0.05000000074505806,
                            0.05000000074505806
                        ]
                    }
                },
                {
                    "value0": "Concrete",
                    "value1": {
                        "absorption": [
                            0.009999999776482582,
                            0.009999999776482582,
                            0.029999999329447748,
                            0.05000000074505806,
                            0.019999999552965165,
                            0.019999999552965165,
                            0.019999999552965165,
                            0.019999999552965165
                        ],
                        "scattering": [
                            0.10000000149011612,
                            0.10000000149011612,
                            0.10000000149011612,
                            0.10000000149011612,
                            0.10000000149011612,
                            0.10000000149011612,
                            0.10000000149011612,
                            0.10000000149011612
                        ]
                    }
                },
                {
                    "value0": "Insul",
                    "value1": {
                        "absorption": [
                            0.30000001192092898,
                            0.30000001192092898,
                            0.44999998807907107,
                            0.6499999761581421,
                            0.5600000023841858,
                            0.5899999737739563,
                            0.7099999785423279,
                            0.7099999785423279
                        ],
                        "scattering": [
                            0.10000000149011612,
                            0.10000000149011612,
                            0.10000000149011612,
                            0.10000000149011612,
                            0.10000000149011612,
                            0.10000000149011612,
                            0.10000000149011612,
                            0.10000000149011612
                        ]
                    }
                },
                {
                    "value0": "Joist_Ceil",
                    "value1": {
                        "absorption": [
                            0.41999998688697817,
                            0.41999998688697817,
                            0.20999999344348908,
                            0.10000000149011612,
                            0.07999999821186066,
                            0.05999999865889549,
                            0.05999999865889549,
                            0.05999999865889549
                        ],