{
    "value0": {
        "value0": {
            "value0": [
                {
                    "value0": "new source",
                    "value1": [
                        -1.5800000429153443,
                        1.4199999570846558,
                        1.4199999570846558
                    ]
                }
            ]
        },
        "value1": {
            "value0": [
                {
                    "value0": {
                        "value0": [
                            {
                                "value0": {
                                    "value0": {
                                        "value0": {
                                            "orientation": {
                                                "pointing": [
                                                    0.0,
                                                    0.0,
                                                    -1.0
                                                ],
                                                "up": [
                                                    0.0,
                                                    1.0,
                                                    0.0
                                                ]
                                            },
                                            "shape": 0.0
                                        }
                                    },
                                    "value1": {
                                        "value0": {
                                            "orientation": {
                                                "pointing": [
                                                    0.0,
                                                    0.0,
                                                    -1.0
                                                ],
                                                "up": [
                                                    0.0,
                                                    1.0,
                                                    0.0
                                                ]
                                            },
                                            "channel": 0,
                                            "radius": 0.10000000149011612
                                        }
                                    }
                                },
                                "value1": "omni",
                                "value2": 1
                            }
                        ]
                    },
                    "value1": "new receiver",
                    "value2": [
                        -4.429999828338623,
                        2.5199999809265138,
                        1.2100000381469727
                    ],
                    "value3": {
                        "pointing": [
                            0.0,
                            0.0,
                            -1.0
                        ],
                        "up": [
                            0.0,
                            1.0,
                            0.0
                        ]
                    }
                }
            ]
        },
        "value2": {
            "value0": 5,
            "value1": 4
        },
        "value3": {
            "value0": {
                "value0": {
                    "value0": 500.0,
                    "value1": 0.6
                },
                "value1": {
                    "value0": 2,
                    "value1": 500.0,
                    "value2": 0.6
                }
            },
            "value1": 0
        },
        "value4": {
            "value0": [
                {
                    "value0": "DefaultMaterial",
                    "value1": {
                        "absorption": [
                            0.05000000074505806,
                            0.05000000074505806,
                            0.05000000074505806,
                            0.05000000074505806,
                            0.05000000074505806,
                            0.05000000074505806,
                            0.05000000074505806,
                            0.05000000074505806
                        ],
                        "scattering": [
                            0.05000000074505806,
                            0.05000000074505806,
                            0.05000000074505806,
                            0.05000000074505806,
                            0.05000000074505806,
                            0.05000000074505806,
                            0.05000000074505806,
                            0.05000000074505806
                        ]
                    }
                },
                {
                    "value0": "Dampa_Ceiling",
                    "value1": {
                        "absorption": [
                            0.3400000035762787,
                            0.47999998927116396,
                            0.6700000166893005,
                            0.6899999976158142,
                            0.6100000143051148,
                            0.46000000834465029,
                            0.49000000953674319,
                            0.5199999809265137
                        ],
                        "scattering": [
                            0.05000000074505806,
                            0.05000000074505806,
                            0.05000000074505806,
                            0.05000000074505806,
                            0.05000000074505806,
                            0.05000000074505806,
                            0.05000000074505806,
                            0.05000000074505806
                        ]
                    }
                },
                {
                    "value0": "Gypsum_Board",
                    "value1": {
                        "absorption": [
                            0.05999999865889549,
                            0.2800000011920929,
                            0.11999999731779099,
                            0.10000000149011612,
                            0.07000000029802323,
                            0.12999999523162843,
                            0.09000000357627869,
                            0.09000000357627869
                        ],
                        "scattering": [
                            0.05000000074505806,
                            0.05000000074505806,
                            0.05000000074505806,
                            0.05000000074505806,
                            0.05000000074505806,
                            0.05000000074505806,
                            0.05000000074505806,
                            0.05000000074505806
                        ]
                    }
                },
                {
                    "value0": "Wood_Floor",
                    "value1": {
                        "absorption": [
                            0.05999999865889549,
                            0.15000000596046449,
                            0.10999999940395355,
                            0.10000000149011612,
                            0.07000000029802323,
                            0.05999999865889549,
                            0.07000000029802323,
                            0.07000000029802323
                        ],